[
 {
   "Country": "ALA Aland Islands",
   "CountryCode": "AX",
   "Slug": "ala-aland-islands",
   "NewConfirmed": 0,
   "TotalConfirmed": 0,
   "NewDeaths": 0,
   "TotalDeaths": 0,
   "NewRecovered": 0,
   "TotalRecovered": 0,
   "Date": "2020-04-30T15:58:53Z"
 },
 {
   "Country": "Afghanistan",
   "CountryCode": "AF",
   "Slug": "afghanistan",
   "NewConfirmed": 111,
   "TotalConfirmed": 1939,
   "NewDeaths": 2,
   "TotalDeaths": 60,
   "NewRecovered": 24,
   "TotalRecovered": 252,
   "Date": "2020-04-30T15:58:53Z"
 },
 {
   "Country": "Albania",
   "CountryCode": "AL",
   "Slug": "albania",
   "NewConfirmed": 16,
   "TotalConfirmed": 766,
   "NewDeaths": 0,
   "TotalDeaths": 30,
   "NewRecovered": 24,
   "TotalRecovered": 455,
   "Date": "2020-04-30T15:58:53Z"
 },
 {
   "Country": "Algeria",
   "CountryCode": "DZ",
   "Slug": "algeria",
   "NewConfirmed": 199,
   "TotalConfirmed": 3848,
   "NewDeaths": 7,
   "TotalDeaths": 444,
   "NewRecovered": 51,
   "TotalRecovered": 1702,
   "Date": "2020-04-30T15:58:53Z"
 },
 {
   "Country": "American Samoa",
   "CountryCode": "AS",
   "Slug": "american-samoa",
   "NewConfirmed": 0,
   "TotalConfirmed": 0,
   "NewDeaths": 0,
   "TotalDeaths": 0,
   "NewRecovered": 0,
   "TotalRecovered": 0,
   "Date": "2020-04-30T15:58:53Z"
 },
 {
   "Country": "Andorra",
   "CountryCode": "AD",
   "Slug": "andorra",
   "NewConfirmed": 0,
   "TotalConfirmed": 743,
   "NewDeaths": 1,
   "TotalDeaths": 42,
   "NewRecovered": 25,
   "TotalRecovered": 423,
   "Date": "2020-04-30T15:58:53Z"
 },
 {
   "Country": "Angola",
   "CountryCode": "AO",
   "Slug": "angola",
   "NewConfirmed": 0,
   "TotalConfirmed": 27,
   "NewDeaths": 0,
   "TotalDeaths": 2,
   "NewRecovered": 1,
   "TotalRecovered": 7,
   "Date": "2020-04-30T15:58:53Z"
 },
 {
   "Country": "Anguilla",
   "CountryCode": "AI",
   "Slug": "anguilla",
   "NewConfirmed": 0,
   "TotalConfirmed": 0,
   "NewDeaths": 0,
   "TotalDeaths": 0,
   "NewRecovered": 0,
   "TotalRecovered": 0,
   "Date": "2020-04-30T15:58:53Z"
 },
 {
   "Country": "Antarctica",
   "CountryCode": "AQ",
   "Slug": "antarctica",
   "NewConfirmed": 0,
   "TotalConfirmed": 0,
   "NewDeaths": 0,
   "TotalDeaths": 0,
   "NewRecovered": 0,
   "TotalRecovered": 0,
   "Date": "2020-04-30T15:58:53Z"
 },
 {
   "Country": "Antigua and Barbuda",
   "CountryCode": "AG",
   "Slug": "antigua-and-barbuda",
   "NewConfirmed": 0,
   "TotalConfirmed": 24,
   "NewDeaths": 0,
   "TotalDeaths": 3,
   "NewRecovered": 0,
   "TotalRecovered": 11,
   "Date": "2020-04-30T15:58:53Z"
 },
 {
   "Country": "Argentina",
   "CountryCode": "AR",
   "Slug": "argentina",
   "NewConfirmed": 158,
   "TotalConfirmed": 4285,
   "NewDeaths": 7,
   "TotalDeaths": 214,
   "NewRecovered": 30,
   "TotalRecovered": 1192,
   "Date": "2020-04-30T15:58:53Z"
 },
 {
   "Country": "Armenia",
   "CountryCode": "AM",
   "Slug": "armenia",
   "NewConfirmed": 65,
   "TotalConfirmed": 1932,
   "NewDeaths": 0,
   "TotalDeaths": 30,
   "NewRecovered": 34,
   "TotalRecovered": 900,
   "Date": "2020-04-30T15:58:53Z"
 },
 {
   "Country": "Aruba",
   "CountryCode": "AW",
   "Slug": "aruba",
   "NewConfirmed": 0,
   "TotalConfirmed": 0,
   "NewDeaths": 0,
   "TotalDeaths": 0,
   "NewRecovered": 0,
   "TotalRecovered": 0,
   "Date": "2020-04-30T15:58:53Z"
 },
 {
   "Country": "Australia",
   "CountryCode": "AU",
   "Slug": "australia",
   "NewConfirmed": 8,
   "TotalConfirmed": 6752,
   "NewDeaths": 2,
   "TotalDeaths": 91,
   "NewRecovered": 50,
   "TotalRecovered": 5715,
   "Date": "2020-04-30T15:58:53Z"
 },
 {
   "Country": "Austria",
   "CountryCode": "AT",
   "Slug": "austria",
   "NewConfirmed": 45,
   "TotalConfirmed": 15402,
   "NewDeaths": 11,
   "TotalDeaths": 580,
   "NewRecovered": 199,
   "TotalRecovered": 12779,
   "Date": "2020-04-30T15:58:53Z"
 },
 {
   "Country": "Azerbaijan",
   "CountryCode": "AZ",
   "Slug": "azerbaijan",
   "NewConfirmed": 49,
   "TotalConfirmed": 1766,
   "NewDeaths": 1,
   "TotalDeaths": 23,
   "NewRecovered": 46,
   "TotalRecovered": 1267,
   "Date": "2020-04-30T15:58:53Z"
 },
 {
   "Country": "Bahamas",
   "CountryCode": "BS",
   "Slug": "bahamas",
   "NewConfirmed": 0,
   "TotalConfirmed": 80,
   "NewDeaths": 0,
   "TotalDeaths": 11,
   "NewRecovered": 0,
   "TotalRecovered": 23,
   "Date": "2020-04-30T15:58:53Z"
 },
 {
   "Country": "Bahrain",
   "CountryCode": "BH",
   "Slug": "bahrain",
   "NewConfirmed": 110,
   "TotalConfirmed": 2921,
   "NewDeaths": 0,
   "TotalDeaths": 8,
   "NewRecovered": 145,
   "TotalRecovered": 1455,
   "Date": "2020-04-30T15:58:53Z"
 },
 {
   "Country": "Bangladesh",
   "CountryCode": "BD",
   "Slug": "bangladesh",
   "NewConfirmed": 641,
   "TotalConfirmed": 7103,
   "NewDeaths": 8,
   "TotalDeaths": 163,
   "NewRecovered": 11,
   "TotalRecovered": 150,
   "Date": "2020-04-30T15:58:53Z"
 },
 {
   "Country": "Barbados",
   "CountryCode": "BB",
   "Slug": "barbados",
   "NewConfirmed": 0,
   "TotalConfirmed": 80,
   "NewDeaths": 1,
   "TotalDeaths": 7,
   "NewRecovered": 0,
   "TotalRecovered": 39,
   "Date": "2020-04-30T15:58:53Z"
 },
 {
   "Country": "Belarus",
   "CountryCode": "BY",
   "Slug": "belarus",
   "NewConfirmed": 973,
   "TotalConfirmed": 13181,
   "NewDeaths": 5,
   "TotalDeaths": 84,
   "NewRecovered": 79,
   "TotalRecovered": 2072,
   "Date": "2020-04-30T15:58:53Z"
 },
 {
   "Country": "Belgium",
   "CountryCode": "BE",
   "Slug": "belgium",
   "NewConfirmed": 525,
   "TotalConfirmed": 47859,
   "NewDeaths": 170,
   "TotalDeaths": 7501,
   "NewRecovered": 340,
   "TotalRecovered": 11283,
   "Date": "2020-04-30T15:58:53Z"
 },
 {
   "Country": "Belize",
   "CountryCode": "BZ",
   "Slug": "belize",
   "NewConfirmed": 0,
   "TotalConfirmed": 18,
   "NewDeaths": 0,
   "TotalDeaths": 2,
   "NewRecovered": 0,
   "TotalRecovered": 9,
   "Date": "2020-04-30T15:58:53Z"
 },
 {
   "Country": "Benin",
   "CountryCode": "BJ",
   "Slug": "benin",
   "NewConfirmed": 0,
   "TotalConfirmed": 64,
   "NewDeaths": 0,
   "TotalDeaths": 1,
   "NewRecovered": 0,
   "TotalRecovered": 33,
   "Date": "2020-04-30T15:58:53Z"
 },
 {
   "Country": "Bermuda",
   "CountryCode": "BM",
   "Slug": "bermuda",
   "NewConfirmed": 0,
   "TotalConfirmed": 0,
   "NewDeaths": 0,
   "TotalDeaths": 0,
   "NewRecovered": 0,
   "TotalRecovered": 0,
   "Date": "2020-04-30T15:58:53Z"
 },
 {
   "Country": "Bhutan",
   "CountryCode": "BT",
   "Slug": "bhutan",
   "NewConfirmed": 0,
   "TotalConfirmed": 7,
   "NewDeaths": 0,
   "TotalDeaths": 0,
   "NewRecovered": 0,
   "TotalRecovered": 5,
   "Date": "2020-04-30T15:58:53Z"
 },
 {
   "Country": "Bolivia",
   "CountryCode": "BO",
   "Slug": "bolivia",
   "NewConfirmed": 96,
   "TotalConfirmed": 1110,
   "NewDeaths": 6,
   "TotalDeaths": 59,
   "NewRecovered": 19,
   "TotalRecovered": 117,
   "Date": "2020-04-30T15:58:53Z"
 },
 {
   "Country": "Bosnia and Herzegovina",
   "CountryCode": "BA",
   "Slug": "bosnia-and-herzegovina",
   "NewConfirmed": 92,
   "TotalConfirmed": 1677,
   "NewDeaths": 2,
   "TotalDeaths": 65,
   "NewRecovered": 28,
   "TotalRecovered": 710,
   "Date": "2020-04-30T15:58:53Z"
 },
 {
   "Country": "Botswana",
   "CountryCode": "BW",
   "Slug": "botswana",
   "NewConfirmed": 0,
   "TotalConfirmed": 23,
   "NewDeaths": 0,
   "TotalDeaths": 1,
   "NewRecovered": 5,
   "TotalRecovered": 5,
   "Date": "2020-04-30T15:58:53Z"
 },
 {
   "Country": "Bouvet Island",
   "CountryCode": "BV",
   "Slug": "bouvet-island",
   "NewConfirmed": 0,
   "TotalConfirmed": 0,
   "NewDeaths": 0,
   "TotalDeaths": 0,
   "NewRecovered": 0,
   "TotalRecovered": 0,
   "Date": "2020-04-30T15:58:53Z"
 },
 {
   "Country": "Brazil",
   "CountryCode": "BR",
   "Slug": "brazil",
   "NewConfirmed": 6450,
   "TotalConfirmed": 79685,
   "NewDeaths": 430,
   "TotalDeaths": 5513,
   "NewRecovered": 1588,
   "TotalRecovered": 34132,
   "Date": "2020-04-30T15:58:53Z"
 },
 {
   "Country": "British Indian Ocean Territory",
   "CountryCode": "IO",
   "Slug": "british-indian-ocean-territory",
   "NewConfirmed": 0,
   "TotalConfirmed": 0,
   "NewDeaths": 0,
   "TotalDeaths": 0,
   "NewRecovered": 0,
   "TotalRecovered": 0,
   "Date": "2020-04-30T15:58:53Z"
 },
 {
   "Country": "British Virgin Islands",
   "CountryCode": "VG",
   "Slug": "british-virgin-islands",
   "NewConfirmed": 0,
   "TotalConfirmed": 0,
   "NewDeaths": 0,
   "TotalDeaths": 0,
   "NewRecovered": 0,
   "TotalRecovered": 0,
   "Date": "2020-04-30T15:58:53Z"
 },
 {
   "Country": "Brunei Darussalam",
   "CountryCode": "BN",
   "Slug": "brunei",
   "NewConfirmed": 0,
   "TotalConfirmed": 138,
   "NewDeaths": 0,
   "TotalDeaths": 1,
   "NewRecovered": 0,
   "TotalRecovered": 124,
   "Date": "2020-04-30T15:58:53Z"
 },
 {
   "Country": "Bulgaria",
   "CountryCode": "BG",
   "Slug": "bulgaria",
   "NewConfirmed": 48,
   "TotalConfirmed": 1447,
   "NewDeaths": 6,
   "TotalDeaths": 64,
   "NewRecovered": 21,
   "TotalRecovered": 243,
   "Date": "2020-04-30T15:58:53Z"
 },
 {
   "Country": "Burkina Faso",
   "CountryCode": "BF",
   "Slug": "burkina-faso",
   "NewConfirmed": 3,
   "TotalConfirmed": 641,
   "NewDeaths": 1,
   "TotalDeaths": 43,
   "NewRecovered": 22,
   "TotalRecovered": 498,
   "Date": "2020-04-30T15:58:53Z"
 },
 {
   "Country": "Burundi",
   "CountryCode": "BI",
   "Slug": "burundi",
   "NewConfirmed": 0,
   "TotalConfirmed": 11,
   "NewDeaths": 0,
   "TotalDeaths": 1,
   "NewRecovered": 0,
   "TotalRecovered": 4,
   "Date": "2020-04-30T15:58:53Z"
 },
 {
   "Country": "Cambodia",
   "CountryCode": "KH",
   "Slug": "cambodia",
   "NewConfirmed": 0,
   "TotalConfirmed": 122,
   "NewDeaths": 0,
   "TotalDeaths": 0,
   "NewRecovered": 0,
   "TotalRecovered": 119,
   "Date": "2020-04-30T15:58:53Z"
 },
 {
   "Country": "Cameroon",
   "CountryCode": "CM",
   "Slug": "cameroon",
   "NewConfirmed": 127,
   "TotalConfirmed": 1832,
   "NewDeaths": 3,
   "TotalDeaths": 61,
   "NewRecovered": 19,
   "TotalRecovered": 934,
   "Date": "2020-04-30T15:58:53Z"
 },
 {
   "Country": "Canada",
   "CountryCode": "CA",
   "Slug": "canada",
   "NewConfirmed": 1715,
   "TotalConfirmed": 52865,
   "NewDeaths": 172,
   "TotalDeaths": 3154,
   "NewRecovered": 1096,
   "TotalRecovered": 20327,
   "Date": "2020-04-30T15:58:53Z"
 },
 {
   "Country": "Cape Verde",
   "CountryCode": "CV",
   "Slug": "cape-verde",
   "NewConfirmed": 0,
   "TotalConfirmed": 114,
   "NewDeaths": 0,
   "TotalDeaths": 1,
   "NewRecovered": 0,
   "TotalRecovered": 2,
   "Date": "2020-04-30T15:58:53Z"
 },
 {
   "Country": "Cayman Islands",
   "CountryCode": "KY",
   "Slug": "cayman-islands",
   "NewConfirmed": 0,
   "TotalConfirmed": 0,
   "NewDeaths": 0,
   "TotalDeaths": 0,
   "NewRecovered": 0,
   "TotalRecovered": 0,
   "Date": "2020-04-30T15:58:53Z"
 },
 {
   "Country": "Central African Republic",
   "CountryCode": "CF",
   "Slug": "central-african-republic",
   "NewConfirmed": 0,
   "TotalConfirmed": 50,
   "NewDeaths": 0,
   "TotalDeaths": 0,
   "NewRecovered": 0,
   "TotalRecovered": 10,
   "Date": "2020-04-30T15:58:53Z"
 },
 {
   "Country": "Chad",
   "CountryCode": "TD",
   "Slug": "chad",
   "NewConfirmed": 0,
   "TotalConfirmed": 52,
   "NewDeaths": 0,
   "TotalDeaths": 2,
   "NewRecovered": 0,
   "TotalRecovered": 19,
   "Date": "2020-04-30T15:58:53Z"
 },
 {
   "Country": "Chile",
   "CountryCode": "CL",
   "Slug": "chile",
   "NewConfirmed": 520,
   "TotalConfirmed": 14885,
   "NewDeaths": 9,
   "TotalDeaths": 216,
   "NewRecovered": 347,
   "TotalRecovered": 8057,
   "Date": "2020-04-30T15:58:53Z"
 },
 {
   "Country": "China",
   "CountryCode": "CN",
   "Slug": "china",
   "NewConfirmed": 4,
   "TotalConfirmed": 83944,
   "NewDeaths": 0,
   "TotalDeaths": 4637,
   "NewRecovered": 52,
   "TotalRecovered": 78474,
   "Date": "2020-04-30T15:58:53Z"
 },
 {
   "Country": "Christmas Island",
   "CountryCode": "CX",
   "Slug": "christmas-island",
   "NewConfirmed": 0,
   "TotalConfirmed": 0,
   "NewDeaths": 0,
   "TotalDeaths": 0,
   "NewRecovered": 0,
   "TotalRecovered": 0,
   "Date": "2020-04-30T15:58:53Z"
 },
 {
   "Country": "Cocos (Keeling) Islands",
   "CountryCode": "CC",
   "Slug": "cocos-keeling-islands",
   "NewConfirmed": 0,
   "TotalConfirmed": 0,
   "NewDeaths": 0,
   "TotalDeaths": 0,
   "NewRecovered": 0,
   "TotalRecovered": 0,
   "Date": "2020-04-30T15:58:53Z"
 },
 {
   "Country": "Colombia",
   "CountryCode": "CO",
   "Slug": "colombia",
   "NewConfirmed": 258,
   "TotalConfirmed": 6207,
   "NewDeaths": 9,
   "TotalDeaths": 278,
   "NewRecovered": 143,
   "TotalRecovered": 1411,
   "Date": "2020-04-30T15:58:53Z"
 },
 {
   "Country": "Comoros",
   "CountryCode": "KM",
   "Slug": "comoros",
   "NewConfirmed": 0,
   "TotalConfirmed": 0,
   "NewDeaths": 0,
   "TotalDeaths": 0,
   "NewRecovered": 0,
   "TotalRecovered": 0,
   "Date": "2020-04-30T15:58:53Z"
 },
 {
   "Country": "Congo (Brazzaville)",
   "CountryCode": "CG",
   "Slug": "congo-brazzaville",
   "NewConfirmed": 0,
   "TotalConfirmed": 207,
   "NewDeaths": 0,
   "TotalDeaths": 8,
   "NewRecovered": 0,
   "TotalRecovered": 19,
   "Date": "2020-04-30T15:58:53Z"
 },
 {
   "Country": "Congo (Kinshasa)",
   "CountryCode": "CD",
   "Slug": "congo-kinshasa",
   "NewConfirmed": 20,
   "TotalConfirmed": 491,
   "NewDeaths": 0,
   "TotalDeaths": 30,
   "NewRecovered": 3,
   "TotalRecovered": 59,
   "Date": "2020-04-30T15:58:53Z"
 },
 {
   "Country": "Cook Islands",
   "CountryCode": "CK",
   "Slug": "cook-islands",
   "NewConfirmed": 0,
   "TotalConfirmed": 0,
   "NewDeaths": 0,
   "TotalDeaths": 0,
   "NewRecovered": 0,
   "TotalRecovered": 0,
   "Date": "2020-04-30T15:58:53Z"
 },
 {
   "Country": "Costa Rica",
   "CountryCode": "CR",
   "Slug": "costa-rica",
   "NewConfirmed": 8,
   "TotalConfirmed": 713,
   "NewDeaths": 0,
   "TotalDeaths": 6,
   "NewRecovered": 17,
   "TotalRecovered": 323,
   "Date": "2020-04-30T15:58:53Z"
 },
 {
   "Country": "Croatia",
   "CountryCode": "HR",
   "Slug": "croatia",
   "NewConfirmed": 15,
   "TotalConfirmed": 2062,
   "NewDeaths": 4,
   "TotalDeaths": 67,
   "NewRecovered": 56,
   "TotalRecovered": 1288,
   "Date": "2020-04-30T15:58:53Z"
 },
 {
   "Country": "Cuba",
   "CountryCode": "CU",
   "Slug": "cuba",
   "NewConfirmed": 30,
   "TotalConfirmed": 1467,
   "NewDeaths": 0,
   "TotalDeaths": 58,
   "NewRecovered": 42,
   "TotalRecovered": 617,
   "Date": "2020-04-30T15:58:53Z"
 },
 {
   "Country": "Cyprus",
   "CountryCode": "CY",
   "Slug": "cyprus",
   "NewConfirmed": 6,
   "TotalConfirmed": 843,
   "NewDeaths": 0,
   "TotalDeaths": 15,
   "NewRecovered": 0,
   "TotalRecovered": 148,
   "Date": "2020-04-30T15:58:53Z"
 },
 {
   "Country": "Czech Republic",
   "CountryCode": "CZ",
   "Slug": "czech-republic",
   "NewConfirmed": 75,
   "TotalConfirmed": 7579,
   "NewDeaths": 0,
   "TotalDeaths": 227,
   "NewRecovered": 160,
   "TotalRecovered": 3108,
   "Date": "2020-04-30T15:58:53Z"
 },
 {
   "Country": "Côte d'Ivoire",
   "CountryCode": "CI",
   "Slug": "cote-divoire",
   "NewConfirmed": 55,
   "TotalConfirmed": 1238,
   "NewDeaths": 0,
   "TotalDeaths": 14,
   "NewRecovered": 32,
   "TotalRecovered": 557,
   "Date": "2020-04-30T15:58:53Z"
 },
 {
   "Country": "Denmark",
   "CountryCode": "DK",
   "Slug": "denmark",
   "NewConfirmed": 157,
   "TotalConfirmed": 9206,
   "NewDeaths": 9,
   "TotalDeaths": 443,
   "NewRecovered": 245,
   "TotalRecovered": 6558,
   "Date": "2020-04-30T15:58:53Z"
 },
 {
   "Country": "Djibouti",
   "CountryCode": "DJ",
   "Slug": "djibouti",
   "NewConfirmed": 5,
   "TotalConfirmed": 1077,
   "NewDeaths": 0,
   "TotalDeaths": 2,
   "NewRecovered": 101,
   "TotalRecovered": 599,
   "Date": "2020-04-30T15:58:53Z"
 },
 {
   "Country": "Dominica",
   "CountryCode": "DM",
   "Slug": "dominica",
   "NewConfirmed": 0,
   "TotalConfirmed": 16,
   "NewDeaths": 0,
   "TotalDeaths": 0,
   "NewRecovered": 0,
   "TotalRecovered": 13,
   "Date": "2020-04-30T15:58:53Z"
 },
 {
   "Country": "Dominican Republic",
   "CountryCode": "DO",
   "Slug": "dominican-republic",
   "NewConfirmed": 236,
   "TotalConfirmed": 6652,
   "NewDeaths": 7,
   "TotalDeaths": 293,
   "NewRecovered": 63,
   "TotalRecovered": 1228,
   "Date": "2020-04-30T15:58:53Z"
 },
 {
   "Country": "Ecuador",
   "CountryCode": "EC",
   "Slug": "ecuador",
   "NewConfirmed": 417,
   "TotalConfirmed": 24675,
   "NewDeaths": 12,
   "TotalDeaths": 883,
   "NewRecovered": 0,
   "TotalRecovered": 1557,
   "Date": "2020-04-30T15:58:53Z"
 },
 {
   "Country": "Egypt",
   "CountryCode": "EG",
   "Slug": "egypt",
   "NewConfirmed": 226,
   "TotalConfirmed": 5268,
   "NewDeaths": 21,
   "TotalDeaths": 380,
   "NewRecovered": 31,
   "TotalRecovered": 1335,
   "Date": "2020-04-30T15:58:53Z"
 },
 {
   "Country": "El Salvador",
   "CountryCode": "SV",
   "Slug": "el-salvador",
   "NewConfirmed": 32,
   "TotalConfirmed": 377,
   "NewDeaths": 1,
   "TotalDeaths": 9,
   "NewRecovered": 9,
   "TotalRecovered": 106,
   "Date": "2020-04-30T15:58:53Z"
 },
 {
   "Country": "Equatorial Guinea",
   "CountryCode": "GQ",
   "Slug": "equatorial-guinea",
   "NewConfirmed": 0,
   "TotalConfirmed": 315,
   "NewDeaths": 0,
   "TotalDeaths": 1,
   "NewRecovered": 0,
   "TotalRecovered": 9,
   "Date": "2020-04-30T15:58:53Z"
 },
 {
   "Country": "Eritrea",
   "CountryCode": "ER",
   "Slug": "eritrea",
   "NewConfirmed": 0,
   "TotalConfirmed": 39,
   "NewDeaths": 0,
   "TotalDeaths": 0,
   "NewRecovered": 0,
   "TotalRecovered": 19,
   "Date": "2020-04-30T15:58:53Z"
 },
 {
   "Country": "Ethiopia",
   "CountryCode": "ET",
   "Slug": "ethiopia",
   "NewConfirmed": 4,
   "TotalConfirmed": 130,
   "NewDeaths": 0,
   "TotalDeaths": 3,
   "NewRecovered": 8,
   "TotalRecovered": 58,
   "Date": "2020-04-30T15:58:53Z"
 },
 {
   "Country": "Falkland Islands (Malvinas)",
   "CountryCode": "FK",
   "Slug": "falkland-islands-malvinas",
   "NewConfirmed": 0,
   "TotalConfirmed": 0,
   "NewDeaths": 0,
   "TotalDeaths": 0,
   "NewRecovered": 0,
   "TotalRecovered": 0,
   "Date": "2020-04-30T15:58:53Z"
 },
 {
   "Country": "Faroe Islands",
   "CountryCode": "FO",
   "Slug": "faroe-islands",
   "NewConfirmed": 0,
   "TotalConfirmed": 0,
   "NewDeaths": 0,
   "TotalDeaths": 0,
   "NewRecovered": 0,
   "TotalRecovered": 0,
   "Date": "2020-04-30T15:58:53Z"
 },
 {
   "Country": "Fiji",
   "CountryCode": "FJ",
   "Slug": "fiji",
   "NewConfirmed": 0,
   "TotalConfirmed": 18,
   "NewDeaths": 0,
   "TotalDeaths": 0,
   "NewRecovered": 0,
   "TotalRecovered": 12,
   "Date": "2020-04-30T15:58:53Z"
 },
 {
   "Country": "Finland",
   "CountryCode": "FI",
   "Slug": "finland",
   "NewConfirmed": 166,
   "TotalConfirmed": 4906,
   "NewDeaths": 7,
   "TotalDeaths": 206,
   "NewRecovered": 0,
   "TotalRecovered": 2800,
   "Date": "2020-04-30T15:58:53Z"
 },
 {
   "Country": "French Guiana",
   "CountryCode": "GF",
   "Slug": "french-guiana",
   "NewConfirmed": 0,
   "TotalConfirmed": 0,
   "NewDeaths": 0,
   "TotalDeaths": 0,
   "NewRecovered": 0,
   "TotalRecovered": 0,
   "Date": "2020-04-30T15:58:53Z"
 },
 {
   "Country": "French Polynesia",
   "CountryCode": "PF",
   "Slug": "french-polynesia",
   "NewConfirmed": 0,
   "TotalConfirmed": 0,
   "NewDeaths": 0,
   "TotalDeaths": 0,
   "NewRecovered": 0,
   "TotalRecovered": 0,
   "Date": "2020-04-30T15:58:53Z"
 },
 {
   "Country": "French Southern Territories",
   "CountryCode": "TF",
   "Slug": "french-southern-territories",
   "NewConfirmed": 0,
   "TotalConfirmed": 0,
   "NewDeaths": 0,
   "TotalDeaths": 0,
   "NewRecovered": 0,
   "TotalRecovered": 0,
   "Date": "2020-04-30T15:58:53Z"
 },
 {
   "Country": "Gabon",
   "CountryCode": "GA",
   "Slug": "gabon",
   "NewConfirmed": 38,
   "TotalConfirmed": 276,
   "NewDeaths": 0,
   "TotalDeaths": 3,
   "NewRecovered": 14,
   "TotalRecovered": 67,
   "Date": "2020-04-30T15:58:53Z"
 },
 {
   "Country": "Gambia",
   "CountryCode": "GM",
   "Slug": "gambia",
   "NewConfirmed": 0,
   "TotalConfirmed": 10,
   "NewDeaths": 0,
   "TotalDeaths": 1,
   "NewRecovered": 0,
   "TotalRecovered": 8,
   "Date": "2020-04-30T15:58:53Z"
 },
 {
   "Country": "Georgia",
   "CountryCode": "GE",
   "Slug": "georgia",
   "NewConfirmed": 6,
   "TotalConfirmed": 517,
   "NewDeaths": 0,
   "TotalDeaths": 6,
   "NewRecovered": 10,
   "TotalRecovered": 178,
   "Date": "2020-04-30T15:58:53Z"
 },
 {
   "Country": "Germany",
   "CountryCode": "DE",
   "Slug": "germany",
   "NewConfirmed": 1627,
   "TotalConfirmed": 161539,
   "NewDeaths": 153,
   "TotalDeaths": 6467,
   "NewRecovered": 3000,
   "TotalRecovered": 120400,
   "Date": "2020-04-30T15:58:53Z"
 },
 {
   "Country": "Ghana",
   "CountryCode": "GH",
   "Slug": "ghana",
   "NewConfirmed": 0,
   "TotalConfirmed": 1671,
   "NewDeaths": 0,
   "TotalDeaths": 16,
   "NewRecovered": 0,
   "TotalRecovered": 188,
   "Date": "2020-04-30T15:58:53Z"
 },
 {
   "Country": "Gibraltar",
   "CountryCode": "GI",
   "Slug": "gibraltar",
   "NewConfirmed": 0,
   "TotalConfirmed": 0,
   "NewDeaths": 0,
   "TotalDeaths": 0,
   "NewRecovered": 0,
   "TotalRecovered": 0,
   "Date": "2020-04-30T15:58:53Z"
 },
 {
   "Country": "Greece",
   "CountryCode": "GR",
   "Slug": "greece",
   "NewConfirmed": 10,
   "TotalConfirmed": 2576,
   "NewDeaths": 1,
   "TotalDeaths": 139,
   "NewRecovered": 0,
   "TotalRecovered": 577,
   "Date": "2020-04-30T15:58:53Z"
 },
 {
   "Country": "Greenland",
   "CountryCode": "GL",
   "Slug": "greenland",
   "NewConfirmed": 0,
   "TotalConfirmed": 0,
   "NewDeaths": 0,
   "TotalDeaths": 0,
   "NewRecovered": 0,
   "TotalRecovered": 0,
   "Date": "2020-04-30T15:58:53Z"
 },
 {
   "Country": "Grenada",
   "CountryCode": "GD",
   "Slug": "grenada",
   "NewConfirmed": 1,
   "TotalConfirmed": 20,
   "NewDeaths": 0,
   "TotalDeaths": 0,
   "NewRecovered": 3,
   "TotalRecovered": 13,
   "Date": "2020-04-30T15:58:53Z"
 },
 {
   "Country": "Guadeloupe",
   "CountryCode": "GP",
   "Slug": "guadeloupe",
   "NewConfirmed": 0,
   "TotalConfirmed": 0,
   "NewDeaths": 0,
   "TotalDeaths": 0,
   "NewRecovered": 0,
   "TotalRecovered": 0,
   "Date": "2020-04-30T15:58:53Z"
 },
 {
   "Country": "Guam",
   "CountryCode": "GU",
   "Slug": "guam",
   "NewConfirmed": 0,
   "TotalConfirmed": 0,
   "NewDeaths": 0,
   "TotalDeaths": 0,
   "NewRecovered": 0,
   "TotalRecovered": 0,
   "Date": "2020-04-30T15:58:53Z"
 },
 {
   "Country": "Guatemala",
   "CountryCode": "GT",
   "Slug": "guatemala",
   "NewConfirmed": 27,
   "TotalConfirmed": 557,
   "NewDeaths": 1,
   "TotalDeaths": 16,
   "NewRecovered": 13,
   "TotalRecovered": 62,
   "Date": "2020-04-30T15:58:53Z"
 },
 {
   "Country": "Guernsey",
   "CountryCode": "GG",
   "Slug": "guernsey",
   "NewConfirmed": 0,
   "TotalConfirmed": 0,
   "NewDeaths": 0,
   "TotalDeaths": 0,
   "NewRecovered": 0,
   "TotalRecovered": 0,
   "Date": "2020-04-30T15:58:53Z"
 },
 {
   "Country": "Guinea",
   "CountryCode": "GN",
   "Slug": "guinea",
   "NewConfirmed": 111,
   "TotalConfirmed": 1351,
   "NewDeaths": 0,
   "TotalDeaths": 7,
   "NewRecovered": 44,
   "TotalRecovered": 313,
   "Date": "2020-04-30T15:58:53Z"
 },
 {
   "Country": "Guinea-Bissau",
   "CountryCode": "GW",
   "Slug": "guinea-bissau",
   "NewConfirmed": 132,
   "TotalConfirmed": 205,
   "NewDeaths": 0,
   "TotalDeaths": 1,
   "NewRecovered": 1,
   "TotalRecovered": 19,
   "Date": "2020-04-30T15:58:53Z"
 },
 {
   "Country": "Guyana",
   "CountryCode": "GY",
   "Slug": "guyana",
   "NewConfirmed": 4,
   "TotalConfirmed": 78,
   "NewDeaths": 0,
   "TotalDeaths": 8,
   "NewRecovered": 3,
   "TotalRecovered": 18,
   "Date": "2020-04-30T15:58:53Z"
 },
 {
   "Country": "Haiti",
   "CountryCode": "HT",
   "Slug": "haiti",
   "NewConfirmed": 0,
   "TotalConfirmed": 76,
   "NewDeaths": 0,
   "TotalDeaths": 6,
   "NewRecovered": 0,
   "TotalRecovered": 8,
   "Date": "2020-04-30T15:58:53Z"
 },
 {
   "Country": "Heard and Mcdonald Islands",
   "CountryCode": "HM",
   "Slug": "heard-and-mcdonald-islands",
   "NewConfirmed": 0,
   "TotalConfirmed": 0,
   "NewDeaths": 0,
   "TotalDeaths": 0,
   "NewRecovered": 0,
   "TotalRecovered": 0,
   "Date": "2020-04-30T15:58:53Z"
 },
 {
   "Country": "Holy See (Vatican City State)",
   "CountryCode": "VA",
   "Slug": "holy-see-vatican-city-state",
   "NewConfirmed": 0,
   "TotalConfirmed": 10,
   "NewDeaths": 0,
   "TotalDeaths": 0,
   "NewRecovered": 0,
   "TotalRecovered": 2,
   "Date": "2020-04-30T15:58:53Z"
 },
 {
   "Country": "Hong Kong, SAR China",
   "CountryCode": "HK",
   "Slug": "hong-kong-sar-china",
   "NewConfirmed": 0,
   "TotalConfirmed": 0,
   "NewDeaths": 0,
   "TotalDeaths": 0,
   "NewRecovered": 0,
   "TotalRecovered": 0,
   "Date": "2020-04-30T15:58:53Z"
 },
 {
   "Country": "Hungary",
   "CountryCode": "HU",
   "Slug": "hungary",
   "NewConfirmed": 78,
   "TotalConfirmed": 2727,
   "NewDeaths": 9,
   "TotalDeaths": 300,
   "NewRecovered": 20,
   "TotalRecovered": 536,
   "Date": "2020-04-30T15:58:53Z"
 },
 {
   "Country": "Iceland",
   "CountryCode": "IS",
   "Slug": "iceland",
   "NewConfirmed": 2,
   "TotalConfirmed": 1797,
   "NewDeaths": 0,
   "TotalDeaths": 10,
   "NewRecovered": 20,
   "TotalRecovered": 1656,
   "Date": "2020-04-30T15:58:53Z"
 },
 {
   "Country": "India",
   "CountryCode": "IN",
   "Slug": "india",
   "NewConfirmed": 1738,
   "TotalConfirmed": 33062,
   "NewDeaths": 71,
   "TotalDeaths": 1079,
   "NewRecovered": 690,
   "TotalRecovered": 8437,
   "Date": "2020-04-30T15:58:53Z"
 },
 {
   "Country": "Indonesia",
   "CountryCode": "ID",
   "Slug": "indonesia",
   "NewConfirmed": 260,
   "TotalConfirmed": 9771,
   "NewDeaths": 11,
   "TotalDeaths": 784,
   "NewRecovered": 137,
   "TotalRecovered": 1391,
   "Date": "2020-04-30T15:58:53Z"
 },
 {
   "Country": "Iran, Islamic Republic of",
   "CountryCode": "IR",
   "Slug": "iran",
   "NewConfirmed": 1073,
   "TotalConfirmed": 93657,
   "NewDeaths": 80,
   "TotalDeaths": 5957,
   "NewRecovered": 1352,
   "TotalRecovered": 73791,
   "Date": "2020-04-30T15:58:53Z"
 },
 {
   "Country": "Iraq",
   "CountryCode": "IQ",
   "Slug": "iraq",
   "NewConfirmed": 75,
   "TotalConfirmed": 2003,
   "NewDeaths": 2,
   "TotalDeaths": 92,
   "NewRecovered": 27,
   "TotalRecovered": 1346,
   "Date": "2020-04-30T15:58:53Z"
 },
 {
   "Country": "Ireland",
   "CountryCode": "IE",
   "Slug": "ireland",
   "NewConfirmed": 376,
   "TotalConfirmed": 20253,
   "NewDeaths": 31,
   "TotalDeaths": 1190,
   "NewRecovered": 4153,
   "TotalRecovered": 13386,
   "Date": "2020-04-30T15:58:53Z"
 },
 {
   "Country": "Isle of Man",
   "CountryCode": "IM",
   "Slug": "isle-of-man",
   "NewConfirmed": 0,
   "TotalConfirmed": 0,
   "NewDeaths": 0,
   "TotalDeaths": 0,
   "NewRecovered": 0,
   "TotalRecovered": 0,
   "Date": "2020-04-30T15:58:53Z"
 },
 {
   "Country": "Israel",
   "CountryCode": "IL",
   "Slug": "israel",
   "NewConfirmed": 106,
   "TotalConfirmed": 15834,
   "NewDeaths": 5,
   "TotalDeaths": 215,
   "NewRecovered": 487,
   "TotalRecovered": 8233,
   "Date": "2020-04-30T15:58:53Z"
 },
 {
   "Country": "Italy",
   "CountryCode": "IT",
   "Slug": "italy",
   "NewConfirmed": 2086,
   "TotalConfirmed": 203591,
   "NewDeaths": 323,
   "TotalDeaths": 27682,
   "NewRecovered": 2311,
   "TotalRecovered": 71252,
   "Date": "2020-04-30T15:58:53Z"
 },
 {
   "Country": "Jamaica",
   "CountryCode": "JM",
   "Slug": "jamaica",
   "NewConfirmed": 32,
   "TotalConfirmed": 396,
   "NewDeaths": 0,
   "TotalDeaths": 7,
   "NewRecovered": 0,
   "TotalRecovered": 29,
   "Date": "2020-04-30T15:58:53Z"
 },
 {
   "Country": "Japan",
   "CountryCode": "JP",
   "Slug": "japan",
   "NewConfirmed": 159,
   "TotalConfirmed": 13895,
   "NewDeaths": 19,
   "TotalDeaths": 413,
   "NewRecovered": 469,
   "TotalRecovered": 2368,
   "Date": "2020-04-30T15:58:53Z"
 },
 {
   "Country": "Jersey",
   "CountryCode": "JE",
   "Slug": "jersey",
   "NewConfirmed": 0,
   "TotalConfirmed": 0,
   "NewDeaths": 0,
   "TotalDeaths": 0,
   "NewRecovered": 0,
   "TotalRecovered": 0,
   "Date": "2020-04-30T15:58:53Z"
 },
 {
   "Country": "Jordan",
   "CountryCode": "JO",
   "Slug": "jordan",
   "NewConfirmed": 2,
   "TotalConfirmed": 451,
   "NewDeaths": 0,
   "TotalDeaths": 8,
   "NewRecovered": 8,
   "TotalRecovered": 356,
   "Date": "2020-04-30T15:58:53Z"
 },
 {
   "Country": "Kazakhstan",
   "CountryCode": "KZ",
   "Slug": "kazakhstan",
   "NewConfirmed": 111,
   "TotalConfirmed": 3138,
   "NewDeaths": 0,
   "TotalDeaths": 25,
   "NewRecovered": 45,
   "TotalRecovered": 819,
   "Date": "2020-04-30T15:58:53Z"
 },
 {
   "Country": "Kenya",
   "CountryCode": "KE",
   "Slug": "kenya",
   "NewConfirmed": 10,
   "TotalConfirmed": 384,
   "NewDeaths": 1,
   "TotalDeaths": 15,
   "NewRecovered": 5,
   "TotalRecovered": 129,
   "Date": "2020-04-30T15:58:53Z"
 },
 {
   "Country": "Kiribati",
   "CountryCode": "KI",
   "Slug": "kiribati",
   "NewConfirmed": 0,
   "TotalConfirmed": 0,
   "NewDeaths": 0,
   "TotalDeaths": 0,
   "NewRecovered": 0,
   "TotalRecovered": 0,
   "Date": "2020-04-30T15:58:53Z"
 },
 {
   "Country": "Korea (North)",
   "CountryCode": "KP",
   "Slug": "korea-north",
   "NewConfirmed": 0,
   "TotalConfirmed": 0,
   "NewDeaths": 0,
   "TotalDeaths": 0,
   "NewRecovered": 0,
   "TotalRecovered": 0,
   "Date": "2020-04-30T15:58:53Z"
 },
 {
   "Country": "Korea (South)",
   "CountryCode": "KR",
   "Slug": "korea-south",
   "NewConfirmed": 4,
   "TotalConfirmed": 10765,
   "NewDeaths": 1,
   "TotalDeaths": 247,
   "NewRecovered": 137,
   "TotalRecovered": 9059,
   "Date": "2020-04-30T15:58:53Z"
 },
 {
   "Country": "Kuwait",
   "CountryCode": "KW",
   "Slug": "kuwait",
   "NewConfirmed": 300,
   "TotalConfirmed": 3740,
   "NewDeaths": 1,
   "TotalDeaths": 24,
   "NewRecovered": 213,
   "TotalRecovered": 1389,
   "Date": "2020-04-30T15:58:53Z"
 },
 {
   "Country": "Kyrgyzstan",
   "CountryCode": "KG",
   "Slug": "kyrgyzstan",
   "NewConfirmed": 21,
   "TotalConfirmed": 729,
   "NewDeaths": 0,
   "TotalDeaths": 8,
   "NewRecovered": 21,
   "TotalRecovered": 437,
   "Date": "2020-04-30T15:58:53Z"
 },
 {
   "Country": "Lao PDR",
   "CountryCode": "LA",
   "Slug": "lao-pdr",
   "NewConfirmed": 0,
   "TotalConfirmed": 19,
   "NewDeaths": 0,
   "TotalDeaths": 0,
   "NewRecovered": 0,
   "TotalRecovered": 7,
   "Date": "2020-04-30T15:58:53Z"
 },
 {
   "Country": "Latvia",
   "CountryCode": "LV",
   "Slug": "latvia",
   "NewConfirmed": 13,
   "TotalConfirmed": 849,
   "NewDeaths": 2,
   "TotalDeaths": 15,
   "NewRecovered": 81,
   "TotalRecovered": 348,
   "Date": "2020-04-30T15:58:53Z"
 },
 {
   "Country": "Lebanon",
   "CountryCode": "LB",
   "Slug": "lebanon",
   "NewConfirmed": 4,
   "TotalConfirmed": 721,
   "NewDeaths": 0,
   "TotalDeaths": 24,
   "NewRecovered": 5,
   "TotalRecovered": 150,
   "Date": "2020-04-30T15:58:53Z"
 },
 {
   "Country": "Lesotho",
   "CountryCode": "LS",
   "Slug": "lesotho",
   "NewConfirmed": 0,
   "TotalConfirmed": 0,
   "NewDeaths": 0,
   "TotalDeaths": 0,
   "NewRecovered": 0,
   "TotalRecovered": 0,
   "Date": "2020-04-30T15:58:53Z"
 },
 {
   "Country": "Liberia",
   "CountryCode": "LR",
   "Slug": "liberia",
   "NewConfirmed": 0,
   "TotalConfirmed": 141,
   "NewDeaths": 0,
   "TotalDeaths": 16,
   "NewRecovered": 0,
   "TotalRecovered": 45,
   "Date": "2020-04-30T15:58:53Z"
 },
 {
   "Country": "Libya",
   "CountryCode": "LY",
   "Slug": "libya",
   "NewConfirmed": 0,
   "TotalConfirmed": 61,
   "NewDeaths": 0,
   "TotalDeaths": 2,
   "NewRecovered": 0,
   "TotalRecovered": 18,
   "Date": "2020-04-30T15:58:53Z"
 },
 {
   "Country": "Liechtenstein",
   "CountryCode": "LI",
   "Slug": "liechtenstein",
   "NewConfirmed": 0,
   "TotalConfirmed": 82,
   "NewDeaths": 0,
   "TotalDeaths": 1,
   "NewRecovered": 0,
   "TotalRecovered": 55,
   "Date": "2020-04-30T15:58:53Z"
 },
 {
   "Country": "Lithuania",
   "CountryCode": "LT",
   "Slug": "lithuania",
   "NewConfirmed": 31,
   "TotalConfirmed": 1375,
   "NewDeaths": 1,
   "TotalDeaths": 45,
   "NewRecovered": 27,
   "TotalRecovered": 563,
   "Date": "2020-04-30T15:58:53Z"
 },
 {
   "Country": "Luxembourg",
   "CountryCode": "LU",
   "Slug": "luxembourg",
   "NewConfirmed": 28,
   "TotalConfirmed": 3769,
   "NewDeaths": 0,
   "TotalDeaths": 89,
   "NewRecovered": 11,
   "TotalRecovered": 3134,
   "Date": "2020-04-30T15:58:53Z"
 },
 {
   "Country": "Macao, SAR China",
   "CountryCode": "MO",
   "Slug": "macao-sar-china",
   "NewConfirmed": 0,
   "TotalConfirmed": 0,
   "NewDeaths": 0,
   "TotalDeaths": 0,
   "NewRecovered": 0,
   "TotalRecovered": 0,
   "Date": "2020-04-30T15:58:53Z"
 },
 {
   "Country": "Macedonia, Republic of",
   "CountryCode": "MK",
   "Slug": "macedonia",
   "NewConfirmed": 21,
   "TotalConfirmed": 1442,
   "NewDeaths": 2,
   "TotalDeaths": 73,
   "NewRecovered": 38,
   "TotalRecovered": 627,
   "Date": "2020-04-30T15:58:53Z"
 },
 {
   "Country": "Madagascar",
   "CountryCode": "MG",
   "Slug": "madagascar",
   "NewConfirmed": 0,
   "TotalConfirmed": 128,
   "NewDeaths": 0,
   "TotalDeaths": 0,
   "NewRecovered": 8,
   "TotalRecovered": 90,
   "Date": "2020-04-30T15:58:53Z"
 },
 {
   "Country": "Malawi",
   "CountryCode": "MW",
   "Slug": "malawi",
   "NewConfirmed": 0,
   "TotalConfirmed": 36,
   "NewDeaths": 0,
   "TotalDeaths": 3,
   "NewRecovered": 2,
   "TotalRecovered": 7,
   "Date": "2020-04-30T15:58:53Z"
 },
 {
   "Country": "Malaysia",
   "CountryCode": "MY",
   "Slug": "malaysia",
   "NewConfirmed": 94,
   "TotalConfirmed": 5945,
   "NewDeaths": 0,
   "TotalDeaths": 100,
   "NewRecovered": 55,
   "TotalRecovered": 4087,
   "Date": "2020-04-30T15:58:53Z"
 },
 {
   "Country": "Maldives",
   "CountryCode": "MV",
   "Slug": "maldives",
   "NewConfirmed": 28,
   "TotalConfirmed": 278,
   "NewDeaths": 1,
   "TotalDeaths": 1,
   "NewRecovered": 0,
   "TotalRecovered": 17,
   "Date": "2020-04-30T15:58:53Z"
 },
 {
   "Country": "Mali",
   "CountryCode": "ML",
   "Slug": "mali",
   "NewConfirmed": 58,
   "TotalConfirmed": 482,
   "NewDeaths": 1,
   "TotalDeaths": 25,
   "NewRecovered": 7,
   "TotalRecovered": 129,
   "Date": "2020-04-30T15:58:53Z"
 },
 {
   "Country": "Malta",
   "CountryCode": "MT",
   "Slug": "malta",
   "NewConfirmed": 5,
   "TotalConfirmed": 463,
   "NewDeaths": 0,
   "TotalDeaths": 4,
   "NewRecovered": 36,
   "TotalRecovered": 339,
   "Date": "2020-04-30T15:58:53Z"
 },
 {
   "Country": "Marshall Islands",
   "CountryCode": "MH",
   "Slug": "marshall-islands",
   "NewConfirmed": 0,
   "TotalConfirmed": 0,
   "NewDeaths": 0,
   "TotalDeaths": 0,
   "NewRecovered": 0,
   "TotalRecovered": 0,
   "Date": "2020-04-30T15:58:53Z"
 },
 {
   "Country": "Martinique",
   "CountryCode": "MQ",
   "Slug": "martinique",
   "NewConfirmed": 0,
   "TotalConfirmed": 0,
   "NewDeaths": 0,
   "TotalDeaths": 0,
   "NewRecovered": 0,
   "TotalRecovered": 0,
   "Date": "2020-04-30T15:58:53Z"
 },
 {
   "Country": "Mauritania",
   "CountryCode": "MR",
   "Slug": "mauritania",
   "NewConfirmed": 1,
   "TotalConfirmed": 8,
   "NewDeaths": 0,
   "TotalDeaths": 1,
   "NewRecovered": 0,
   "TotalRecovered": 6,
   "Date": "2020-04-30T15:58:53Z"
 },
 {
   "Country": "Mayotte",
   "CountryCode": "YT",
   "Slug": "mayotte",
   "NewConfirmed": 0,
   "TotalConfirmed": 0,
   "NewDeaths": 0,
   "TotalDeaths": 0,
   "NewRecovered": 0,
   "TotalRecovered": 0,
   "Date": "2020-04-30T15:58:53Z"
 },
 {
   "Country": "Mexico",
   "CountryCode": "MX",
   "Slug": "mexico",
   "NewConfirmed": 1047,
   "TotalConfirmed": 17799,
   "NewDeaths": 163,
   "TotalDeaths": 1732,
   "NewRecovered": 0,
   "TotalRecovered": 11423,
   "Date": "2020-04-30T15:58:53Z"
 },
 {
   "Country": "Micronesia, Federated States of",
   "CountryCode": "FM",
   "Slug": "micronesia",
   "NewConfirmed": 0,
   "TotalConfirmed": 0,
   "NewDeaths": 0,
   "TotalDeaths": 0,
   "NewRecovered": 0,
   "TotalRecovered": 0,
   "Date": "2020-04-30T15:58:53Z"
 },
 {
   "Country": "Moldova",
   "CountryCode": "MD",
   "Slug": "moldova",
   "NewConfirmed": 133,
   "TotalConfirmed": 3771,
   "NewDeaths": 8,
   "TotalDeaths": 111,
   "NewRecovered": 139,
   "TotalRecovered": 1114,
   "Date": "2020-04-30T15:58:53Z"
 },
 {
   "Country": "Monaco",
   "CountryCode": "MC",
   "Slug": "monaco",
   "NewConfirmed": 0,
   "TotalConfirmed": 95,
   "NewDeaths": 0,
   "TotalDeaths": 4,
   "NewRecovered": 8,
   "TotalRecovered": 58,
   "Date": "2020-04-30T15:58:53Z"
 },
 {
   "Country": "Mongolia",
   "CountryCode": "MN",
   "Slug": "mongolia",
   "NewConfirmed": 0,
   "TotalConfirmed": 38,
   "NewDeaths": 0,
   "TotalDeaths": 0,
   "NewRecovered": 0,
   "TotalRecovered": 10,
   "Date": "2020-04-30T15:58:53Z"
 },
 {
   "Country": "Montenegro",
   "CountryCode": "ME",
   "Slug": "montenegro",
   "NewConfirmed": 1,
   "TotalConfirmed": 322,
   "NewDeaths": 0,
   "TotalDeaths": 7,
   "NewRecovered": 4,
   "TotalRecovered": 203,
   "Date": "2020-04-30T15:58:53Z"
 },
 {
   "Country": "Montserrat",
   "CountryCode": "MS",
   "Slug": "montserrat",
   "NewConfirmed": 0,
   "TotalConfirmed": 0,
   "NewDeaths": 0,
   "TotalDeaths": 0,
   "NewRecovered": 0,
   "TotalRecovered": 0,
   "Date": "2020-04-30T15:58:53Z"
 },
 {
   "Country": "Morocco",
   "CountryCode": "MA",
   "Slug": "morocco",
   "NewConfirmed": 69,
   "TotalConfirmed": 4321,
   "NewDeaths": 3,
   "TotalDeaths": 168,
   "NewRecovered": 150,
   "TotalRecovered": 928,
   "Date": "2020-04-30T15:58:53Z"
 },
 {
   "Country": "Mozambique",
   "CountryCode": "MZ",
   "Slug": "mozambique",
   "NewConfirmed": 0,
   "TotalConfirmed": 76,
   "NewDeaths": 0,
   "TotalDeaths": 0,
   "NewRecovered": 0,
   "TotalRecovered": 12,
   "Date": "2020-04-30T15:58:53Z"
 },
 {
   "Country": "Myanmar",
   "CountryCode": "MM",
   "Slug": "myanmar",
   "NewConfirmed": 0,
   "TotalConfirmed": 150,
   "NewDeaths": 1,
   "TotalDeaths": 6,
   "NewRecovered": 11,
   "TotalRecovered": 27,
   "Date": "2020-04-30T15:58:53Z"
 },
 {
   "Country": "Namibia",
   "CountryCode": "NA",
   "Slug": "namibia",
   "NewConfirmed": 0,
   "TotalConfirmed": 16,
   "NewDeaths": 0,
   "TotalDeaths": 0,
   "NewRecovered": 0,
   "TotalRecovered": 8,
   "Date": "2020-04-30T15:58:53Z"
 },
 {
   "Country": "Nauru",
   "CountryCode": "NR",
   "Slug": "nauru",
   "NewConfirmed": 0,
   "TotalConfirmed": 0,
   "NewDeaths": 0,
   "TotalDeaths": 0,
   "NewRecovered": 0,
   "TotalRecovered": 0,
   "Date": "2020-04-30T15:58:53Z"
 },
 {
   "Country": "Nepal",
   "CountryCode": "NP",
   "Slug": "nepal",
   "NewConfirmed": 3,
   "TotalConfirmed": 57,
   "NewDeaths": 0,
   "TotalDeaths": 0,
   "NewRecovered": 0,
   "TotalRecovered": 16,
   "Date": "2020-04-30T15:58:53Z"
 },
 {
   "Country": "Netherlands",
   "CountryCode": "NL",
   "Slug": "netherlands",
   "NewConfirmed": 386,
   "TotalConfirmed": 38998,
   "NewDeaths": 145,
   "TotalDeaths": 4727,
   "NewRecovered": 2,
   "TotalRecovered": 119,
   "Date": "2020-04-30T15:58:53Z"
 },
 {
   "Country": "Netherlands Antilles",
   "CountryCode": "AN",
   "Slug": "netherlands-antilles",
   "NewConfirmed": 0,
   "TotalConfirmed": 0,
   "NewDeaths": 0,
   "TotalDeaths": 0,
   "NewRecovered": 0,
   "TotalRecovered": 0,
   "Date": "2020-04-30T15:58:53Z"
 },
 {
   "Country": "New Caledonia",
   "CountryCode": "NC",
   "Slug": "new-caledonia",
   "NewConfirmed": 0,
   "TotalConfirmed": 0,
   "NewDeaths": 0,
   "TotalDeaths": 0,
   "NewRecovered": 0,
   "TotalRecovered": 0,
   "Date": "2020-04-30T15:58:53Z"
 },
 {
   "Country": "New Zealand",
   "CountryCode": "NZ",
   "Slug": "new-zealand",
   "NewConfirmed": 2,
   "TotalConfirmed": 1476,
   "NewDeaths": 0,
   "TotalDeaths": 19,
   "NewRecovered": 12,
   "TotalRecovered": 1241,
   "Date": "2020-04-30T15:58:53Z"
 },
 {
   "Country": "Nicaragua",
   "CountryCode": "NI",
   "Slug": "nicaragua",
   "NewConfirmed": 0,
   "TotalConfirmed": 13,
   "NewDeaths": 0,
   "TotalDeaths": 3,
   "NewRecovered": 0,
   "TotalRecovered": 7,
   "Date": "2020-04-30T15:58:53Z"
 },
 {
   "Country": "Niger",
   "CountryCode": "NE",
   "Slug": "niger",
   "NewConfirmed": 4,
   "TotalConfirmed": 713,
   "NewDeaths": 1,
   "TotalDeaths": 32,
   "NewRecovered": 32,
   "TotalRecovered": 435,
   "Date": "2020-04-30T15:58:53Z"
 },
 {
   "Country": "Nigeria",
   "CountryCode": "NG",
   "Slug": "nigeria",
   "NewConfirmed": 196,
   "TotalConfirmed": 1728,
   "NewDeaths": 7,
   "TotalDeaths": 51,
   "NewRecovered": 52,
   "TotalRecovered": 307,
   "Date": "2020-04-30T15:58:53Z"
 },
 {
   "Country": "Niue",
   "CountryCode": "NU",
   "Slug": "niue",
   "NewConfirmed": 0,
   "TotalConfirmed": 0,
   "NewDeaths": 0,
   "TotalDeaths": 0,
   "NewRecovered": 0,
   "TotalRecovered": 0,
   "Date": "2020-04-30T15:58:53Z"
 },
 {
   "Country": "Norfolk Island",
   "CountryCode": "NF",
   "Slug": "norfolk-island",
   "NewConfirmed": 0,
   "TotalConfirmed": 0,
   "NewDeaths": 0,
   "TotalDeaths": 0,
   "NewRecovered": 0,
   "TotalRecovered": 0,
   "Date": "2020-04-30T15:58:53Z"
 },
 {
   "Country": "Northern Mariana Islands",
   "CountryCode": "MP",
   "Slug": "northern-mariana-islands",
   "NewConfirmed": 0,
   "TotalConfirmed": 0,
   "NewDeaths": 0,
   "TotalDeaths": 0,
   "NewRecovered": 0,
   "TotalRecovered": 0,
   "Date": "2020-04-30T15:58:53Z"
 },
 {
   "Country": "Norway",
   "CountryCode": "NO",
   "Slug": "norway",
   "NewConfirmed": 50,
   "TotalConfirmed": 7710,
   "NewDeaths": 1,
   "TotalDeaths": 207,
   "NewRecovered": 0,
   "TotalRecovered": 32,
   "Date": "2020-04-30T15:58:53Z"
 },
 {
   "Country": "Oman",
   "CountryCode": "OM",
   "Slug": "oman",
   "NewConfirmed": 143,
   "TotalConfirmed": 2274,
   "NewDeaths": 0,
   "TotalDeaths": 10,
   "NewRecovered": 0,
   "TotalRecovered": 364,
   "Date": "2020-04-30T15:58:53Z"
 },
 {
   "Country": "Pakistan",
   "CountryCode": "PK",
   "Slug": "pakistan",
   "NewConfirmed": 913,
   "TotalConfirmed": 15525,
   "NewDeaths": 31,
   "TotalDeaths": 343,
   "NewRecovered": 192,
   "TotalRecovered": 3425,
   "Date": "2020-04-30T15:58:53Z"
 },
 {
   "Country": "Palau",
   "CountryCode": "PW",
   "Slug": "palau",
   "NewConfirmed": 0,
   "TotalConfirmed": 0,
   "NewDeaths": 0,
   "TotalDeaths": 0,
   "NewRecovered": 0,
   "TotalRecovered": 0,
   "Date": "2020-04-30T15:58:53Z"
 },
 {
   "Country": "Palestinian Territory",
   "CountryCode": "PS",
   "Slug": "palestine",
   "NewConfirmed": 1,
   "TotalConfirmed": 344,
   "NewDeaths": 0,
   "TotalDeaths": 2,
   "NewRecovered": 0,
   "TotalRecovered": 71,
   "Date": "2020-04-30T15:58:53Z"
 },
 {
   "Country": "Panama",
   "CountryCode": "PA",
   "Slug": "panama",
   "NewConfirmed": 357,
   "TotalConfirmed": 6378,
   "NewDeaths": 11,
   "TotalDeaths": 178,
   "NewRecovered": 72,
   "TotalRecovered": 527,
   "Date": "2020-04-30T15:58:53Z"
 },
 {
   "Country": "Papua New Guinea",
   "CountryCode": "PG",
   "Slug": "papua-new-guinea",
   "NewConfirmed": 0,
   "TotalConfirmed": 8,
   "NewDeaths": 0,
   "TotalDeaths": 0,
   "NewRecovered": 0,
   "TotalRecovered": 0,
   "Date": "2020-04-30T15:58:53Z"
 },
 {
   "Country": "Paraguay",
   "CountryCode": "PY",
   "Slug": "paraguay",
   "NewConfirmed": 0,
   "TotalConfirmed": 239,
   "NewDeaths": 0,
   "TotalDeaths": 9,
   "NewRecovered": 0,
   "TotalRecovered": 102,
   "Date": "2020-04-30T15:58:53Z"
 },
 {
   "Country": "Peru",
   "CountryCode": "PE",
   "Slug": "peru",
   "NewConfirmed": 2741,
   "TotalConfirmed": 33931,
   "NewDeaths": 89,
   "TotalDeaths": 943,
   "NewRecovered": 858,
   "TotalRecovered": 10037,
   "Date": "2020-04-30T15:58:53Z"
 },
 {
   "Country": "Philippines",
   "CountryCode": "PH",
   "Slug": "philippines",
   "NewConfirmed": 254,
   "TotalConfirmed": 8212,
   "NewDeaths": 28,
   "TotalDeaths": 558,
   "NewRecovered": 48,
   "TotalRecovered": 1023,
   "Date": "2020-04-30T15:58:53Z"
 },
 {
   "Country": "Pitcairn",
   "CountryCode": "PN",
   "Slug": "pitcairn",
   "NewConfirmed": 0,
   "TotalConfirmed": 0,
   "NewDeaths": 0,
   "TotalDeaths": 0,
   "NewRecovered": 0,
   "TotalRecovered": 0,
   "Date": "2020-04-30T15:58:53Z"
 },
 {
   "Country": "Poland",
   "CountryCode": "PL",
   "Slug": "poland",
   "NewConfirmed": 422,
   "TotalConfirmed": 12640,
   "NewDeaths": 28,
   "TotalDeaths": 624,
   "NewRecovered": 370,
   "TotalRecovered": 3025,
   "Date": "2020-04-30T15:58:53Z"
 },
 {
   "Country": "Portugal",
   "CountryCode": "PT",
   "Slug": "portugal",
   "NewConfirmed": 183,
   "TotalConfirmed": 24505,
   "NewDeaths": 25,
   "TotalDeaths": 973,
   "NewRecovered": 81,
   "TotalRecovered": 1470,
   "Date": "2020-04-30T15:58:53Z"
 },
 {
   "Country": "Puerto Rico",
   "CountryCode": "PR",
   "Slug": "puerto-rico",
   "NewConfirmed": 0,
   "TotalConfirmed": 0,
   "NewDeaths": 0,
   "TotalDeaths": 0,
   "NewRecovered": 0,
   "TotalRecovered": 0,
   "Date": "2020-04-30T15:58:53Z"
 },
 {
   "Country": "Qatar",
   "CountryCode": "QA",
   "Slug": "qatar",
   "NewConfirmed": 643,
   "TotalConfirmed": 12564,
   "NewDeaths": 0,
   "TotalDeaths": 10,
   "NewRecovered": 109,
   "TotalRecovered": 1243,
   "Date": "2020-04-30T15:58:53Z"
 },
 {
   "Country": "Republic of Kosovo",
   "CountryCode": "XK",
   "Slug": "kosovo",
   "NewConfirmed": 0,
   "TotalConfirmed": 510,
   "NewDeaths": 0,
   "TotalDeaths": 12,
   "NewRecovered": 0,
   "TotalRecovered": 93,
   "Date": "2020-04-30T15:58:53Z"
 },
 {
   "Country": "Romania",
   "CountryCode": "RO",
   "Slug": "romania",
   "NewConfirmed": 362,
   "TotalConfirmed": 11978,
   "NewDeaths": 30,
   "TotalDeaths": 693,
   "NewRecovered": 165,
   "TotalRecovered": 3569,
   "Date": "2020-04-30T15:58:53Z"
 },
 {
   "Country": "Russian Federation",
   "CountryCode": "RU",
   "Slug": "russia",
   "NewConfirmed": 5841,
   "TotalConfirmed": 99399,
   "NewDeaths": 105,
   "TotalDeaths": 972,
   "NewRecovered": 1830,
   "TotalRecovered": 10286,
   "Date": "2020-04-30T15:58:53Z"
 },
 {
   "Country": "Rwanda",
   "CountryCode": "RW",
   "Slug": "rwanda",
   "NewConfirmed": 13,
   "TotalConfirmed": 225,
   "NewDeaths": 0,
   "TotalDeaths": 0,
   "NewRecovered": 3,
   "TotalRecovered": 98,
   "Date": "2020-04-30T15:58:53Z"
 },
 {
   "Country": "Réunion",
   "CountryCode": "RE",
   "Slug": "réunion",
   "NewConfirmed": 0,
   "TotalConfirmed": 0,
   "NewDeaths": 0,
   "TotalDeaths": 0,
   "NewRecovered": 0,
   "TotalRecovered": 0,
   "Date": "2020-04-30T15:58:53Z"
 },
 {
   "Country": "Saint Helena",
   "CountryCode": "SH",
   "Slug": "saint-helena",
   "NewConfirmed": 0,
   "TotalConfirmed": 0,
   "NewDeaths": 0,
   "TotalDeaths": 0,
   "NewRecovered": 0,
   "TotalRecovered": 0,
   "Date": "2020-04-30T15:58:53Z"
 },
 {
   "Country": "Saint Kitts and Nevis",
   "CountryCode": "KN",
   "Slug": "saint-kitts-and-nevis",
   "NewConfirmed": 0,
   "TotalConfirmed": 15,
   "NewDeaths": 0,
   "TotalDeaths": 0,
   "NewRecovered": 0,
   "TotalRecovered": 4,
   "Date": "2020-04-30T15:58:53Z"
 },
 {
   "Country": "Saint Lucia",
   "CountryCode": "LC",
   "Slug": "saint-lucia",
   "NewConfirmed": 2,
   "TotalConfirmed": 17,
   "NewDeaths": 0,
   "TotalDeaths": 0,
   "NewRecovered": 0,
   "TotalRecovered": 15,
   "Date": "2020-04-30T15:58:53Z"
 },
 {
   "Country": "Saint Pierre and Miquelon",
   "CountryCode": "PM",
   "Slug": "saint-pierre-and-miquelon",
   "NewConfirmed": 0,
   "TotalConfirmed": 0,
   "NewDeaths": 0,
   "TotalDeaths": 0,
   "NewRecovered": 0,
   "TotalRecovered": 0,
   "Date": "2020-04-30T15:58:53Z"
 },
 {
   "Country": "Saint Vincent and Grenadines",
   "CountryCode": "VC",
   "Slug": "saint-vincent-and-the-grenadines",
   "NewConfirmed": 1,
   "TotalConfirmed": 16,
   "NewDeaths": 0,
   "TotalDeaths": 0,
   "NewRecovered": 0,
   "TotalRecovered": 8,
   "Date": "2020-04-30T15:58:53Z"
 },
 {
   "Country": "Saint-Barthélemy",
   "CountryCode": "BL",
   "Slug": "saint-barthélemy",
   "NewConfirmed": 0,
   "TotalConfirmed": 0,
   "NewDeaths": 0,
   "TotalDeaths": 0,
   "NewRecovered": 0,
   "TotalRecovered": 0,
   "Date": "2020-04-30T15:58:53Z"
 },
 {
   "Country": "Saint-Martin (French part)",
   "CountryCode": "MF",
   "Slug": "saint-martin-french-part",
   "NewConfirmed": 0,
   "TotalConfirmed": 0,
   "NewDeaths": 0,
   "TotalDeaths": 0,
   "NewRecovered": 0,
   "TotalRecovered": 0,
   "Date": "2020-04-30T15:58:53Z"
 },
 {
   "Country": "Samoa",
   "CountryCode": "WS",
   "Slug": "samoa",
   "NewConfirmed": 0,
   "TotalConfirmed": 0,
   "NewDeaths": 0,
   "TotalDeaths": 0,
   "NewRecovered": 0,
   "TotalRecovered": 0,
   "Date": "2020-04-30T15:58:53Z"
 },
 {
   "Country": "San Marino",
   "CountryCode": "SM",
   "Slug": "san-marino",
   "NewConfirmed": 10,
   "TotalConfirmed": 563,
   "NewDeaths": 0,
   "TotalDeaths": 41,
   "NewRecovered": 5,
   "TotalRecovered": 69,
   "Date": "2020-04-30T15:58:53Z"
 },
 {
   "Country": "Sao Tome and Principe",
   "CountryCode": "ST",
   "Slug": "sao-tome-and-principe",
   "NewConfirmed": 0,
   "TotalConfirmed": 8,
   "NewDeaths": 0,
   "TotalDeaths": 0,
   "NewRecovered": 0,
   "TotalRecovered": 4,
   "Date": "2020-04-30T15:58:53Z"
 },
 {
   "Country": "Saudi Arabia",
   "CountryCode": "SA",
   "Slug": "saudi-arabia",
   "NewConfirmed": 1325,
   "TotalConfirmed": 21402,
   "NewDeaths": 5,
   "TotalDeaths": 157,
   "NewRecovered": 169,
   "TotalRecovered": 2953,
   "Date": "2020-04-30T15:58:53Z"
 },
 {
   "Country": "Senegal",
   "CountryCode": "SN",
   "Slug": "senegal",
   "NewConfirmed": 59,
   "TotalConfirmed": 882,
   "NewDeaths": 0,
   "TotalDeaths": 9,
   "NewRecovered": 19,
   "TotalRecovered": 315,
   "Date": "2020-04-30T15:58:53Z"
 },
 {
   "Country": "Serbia",
   "CountryCode": "RS",
   "Slug": "serbia",
   "NewConfirmed": 0,
   "TotalConfirmed": 6630,
   "NewDeaths": 0,
   "TotalDeaths": 125,
   "NewRecovered": 0,
   "TotalRecovered": 870,
   "Date": "2020-04-30T15:58:53Z"
 },
 {
   "Country": "Seychelles",
   "CountryCode": "SC",
   "Slug": "seychelles",
   "NewConfirmed": 0,
   "TotalConfirmed": 11,
   "NewDeaths": 0,
   "TotalDeaths": 0,
   "NewRecovered": 0,
   "TotalRecovered": 6,
   "Date": "2020-04-30T15:58:53Z"
 },
 {
   "Country": "Sierra Leone",
   "CountryCode": "SL",
   "Slug": "sierra-leone",
   "NewConfirmed": 0,
   "TotalConfirmed": 104,
   "NewDeaths": 0,
   "TotalDeaths": 4,
   "NewRecovered": 0,
   "TotalRecovered": 12,
   "Date": "2020-04-30T15:58:53Z"
 },
 {
   "Country": "Singapore",
   "CountryCode": "SG",
   "Slug": "singapore",
   "NewConfirmed": 690,
   "TotalConfirmed": 15641,
   "NewDeaths": 0,
   "TotalDeaths": 14,
   "NewRecovered": 60,
   "TotalRecovered": 1188,
   "Date": "2020-04-30T15:58:53Z"
 },
 {
   "Country": "Slovakia",
   "CountryCode": "SK",
   "Slug": "slovakia",
   "NewConfirmed": 7,
   "TotalConfirmed": 1391,
   "NewDeaths": 2,
   "TotalDeaths": 22,
   "NewRecovered": 61,
   "TotalRecovered": 484,
   "Date": "2020-04-30T15:58:53Z"
 },
 {
   "Country": "Slovenia",
   "CountryCode": "SI",
   "Slug": "slovenia",
   "NewConfirmed": 10,
   "TotalConfirmed": 1418,
   "NewDeaths": 3,
   "TotalDeaths": 89,
   "NewRecovered": 7,
   "TotalRecovered": 230,
   "Date": "2020-04-30T15:58:53Z"
 },
 {
   "Country": "Solomon Islands",
   "CountryCode": "SB",
   "Slug": "solomon-islands",
   "NewConfirmed": 0,
   "TotalConfirmed": 0,
   "NewDeaths": 0,
   "TotalDeaths": 0,
   "NewRecovered": 0,
   "TotalRecovered": 0,
   "Date": "2020-04-30T15:58:53Z"
 },
 {
   "Country": "Somalia",
   "CountryCode": "SO",
   "Slug": "somalia",
   "NewConfirmed": 54,
   "TotalConfirmed": 582,
   "NewDeaths": 0,
   "TotalDeaths": 28,
   "NewRecovered": 1,
   "TotalRecovered": 20,
   "Date": "2020-04-30T15:58:53Z"
 },
 {
   "Country": "South Africa",
   "CountryCode": "ZA",
   "Slug": "south-africa",
   "NewConfirmed": 354,
   "TotalConfirmed": 5350,
   "NewDeaths": 10,
   "TotalDeaths": 103,
   "NewRecovered": 0,
   "TotalRecovered": 2073,
   "Date": "2020-04-30T15:58:53Z"
 },
 {
   "Country": "South Georgia and the South Sandwich Islands",
   "CountryCode": "GS",
   "Slug": "south-georgia-and-the-south-sandwich-islands",
   "NewConfirmed": 0,
   "TotalConfirmed": 0,
   "NewDeaths": 0,
   "TotalDeaths": 0,
   "NewRecovered": 0,
   "TotalRecovered": 0,
   "Date": "2020-04-30T15:58:53Z"
 },
 {
   "Country": "South Sudan",
   "CountryCode": "SS",
   "Slug": "south-sudan",
   "NewConfirmed": 0,
   "TotalConfirmed": 34,
   "NewDeaths": 0,
   "TotalDeaths": 0,
   "NewRecovered": 0,
   "TotalRecovered": 0,
   "Date": "2020-04-30T15:58:53Z"
 },
 {
   "Country": "Spain",
   "CountryCode": "ES",
   "Slug": "spain",
   "NewConfirmed": 4771,
   "TotalConfirmed": 236899,
   "NewDeaths": 453,
   "TotalDeaths": 24275,
   "NewRecovered": 9026,
   "TotalRecovered": 132929,
   "Date": "2020-04-30T15:58:53Z"
 },
 {
   "Country": "Sri Lanka",
   "CountryCode": "LK",
   "Slug": "sri-lanka",
   "NewConfirmed": 30,
   "TotalConfirmed": 649,
   "NewDeaths": 0,
   "TotalDeaths": 7,
   "NewRecovered": 2,
   "TotalRecovered": 136,
   "Date": "2020-04-30T15:58:53Z"
 },
 {
   "Country": "Sudan",
   "CountryCode": "SD",
   "Slug": "sudan",
   "NewConfirmed": 57,
   "TotalConfirmed": 375,
   "NewDeaths": 3,
   "TotalDeaths": 28,
   "NewRecovered": 1,
   "TotalRecovered": 32,
   "Date": "2020-04-30T15:58:53Z"
 },
 {
   "Country": "Suriname",
   "CountryCode": "SR",
   "Slug": "suriname",
   "NewConfirmed": 0,
   "TotalConfirmed": 10,
   "NewDeaths": 0,
   "TotalDeaths": 1,
   "NewRecovered": 1,
   "TotalRecovered": 8,
   "Date": "2020-04-30T15:58:53Z"
 },
 {
   "Country": "Svalbard and Jan Mayen Islands",
   "CountryCode": "SJ",
   "Slug": "svalbard-and-jan-mayen-islands",
   "NewConfirmed": 0,
   "TotalConfirmed": 0,
   "NewDeaths": 0,
   "TotalDeaths": 0,
   "NewRecovered": 0,
   "TotalRecovered": 0,
   "Date": "2020-04-30T15:58:53Z"
 },
 {
   "Country": "Swaziland",
   "CountryCode": "SZ",
   "Slug": "swaziland",
   "NewConfirmed": 20,
   "TotalConfirmed": 91,
   "NewDeaths": 0,
   "TotalDeaths": 1,
   "NewRecovered": 0,
   "TotalRecovered": 10,
   "Date": "2020-04-30T15:58:53Z"
 },
 {
   "Country": "Sweden",
   "CountryCode": "SE",
   "Slug": "sweden",
   "NewConfirmed": 681,
   "TotalConfirmed": 20302,
   "NewDeaths": 107,
   "TotalDeaths": 2462,
   "NewRecovered": 0,
   "TotalRecovered": 1005,
   "Date": "2020-04-30T15:58:53Z"
 },
 {
   "Country": "Switzerland",
   "CountryCode": "CH",
   "Slug": "switzerland",
   "NewConfirmed": 143,
   "TotalConfirmed": 29407,
   "NewDeaths": 17,
   "TotalDeaths": 1716,
   "NewRecovered": 0,
   "TotalRecovered": 22600,
   "Date": "2020-04-30T15:58:53Z"
 },
 {
   "Country": "Syrian Arab Republic (Syria)",
   "CountryCode": "SY",
   "Slug": "syria",
   "NewConfirmed": 0,
   "TotalConfirmed": 43,
   "NewDeaths": 0,
   "TotalDeaths": 3,
   "NewRecovered": 0,
   "TotalRecovered": 21,
   "Date": "2020-04-30T15:58:53Z"
 },
 {
   "Country": "Taiwan, Republic of China",
   "CountryCode": "TW",
   "Slug": "taiwan",
   "NewConfirmed": 0,
   "TotalConfirmed": 429,
   "NewDeaths": 0,
   "TotalDeaths": 6,
   "NewRecovered": 4,
   "TotalRecovered": 311,
   "Date": "2020-04-30T15:58:53Z"
 },
 {
   "Country": "Tajikistan",
   "CountryCode": "TJ",
   "Slug": "tajikistan",
   "NewConfirmed": 0,
   "TotalConfirmed": 0,
   "NewDeaths": 0,
   "TotalDeaths": 0,
   "NewRecovered": 0,
   "TotalRecovered": 0,
   "Date": "2020-04-30T15:58:53Z"
 },
 {
   "Country": "Tanzania, United Republic of",
   "CountryCode": "TZ",
   "Slug": "tanzania",
   "NewConfirmed": 181,
   "TotalConfirmed": 480,
   "NewDeaths": 6,
   "TotalDeaths": 16,
   "NewRecovered": 119,
   "TotalRecovered": 167,
   "Date": "2020-04-30T15:58:53Z"
 },
 {
   "Country": "Thailand",
   "CountryCode": "TH",
   "Slug": "thailand",
   "NewConfirmed": 9,
   "TotalConfirmed": 2947,
   "NewDeaths": 0,
   "TotalDeaths": 54,
   "NewRecovered": 13,
   "TotalRecovered": 2665,
   "Date": "2020-04-30T15:58:53Z"
 },
 {
   "Country": "Timor-Leste",
   "CountryCode": "TL",
   "Slug": "timor-leste",
   "NewConfirmed": 0,
   "TotalConfirmed": 24,
   "NewDeaths": 0,
   "TotalDeaths": 0,
   "NewRecovered": 0,
   "TotalRecovered": 6,
   "Date": "2020-04-30T15:58:53Z"
 },
 {
   "Country": "Togo",
   "CountryCode": "TG",
   "Slug": "togo",
   "NewConfirmed": 10,
   "TotalConfirmed": 109,
   "NewDeaths": 1,
   "TotalDeaths": 7,
   "NewRecovered": 1,
   "TotalRecovered": 64,
   "Date": "2020-04-30T15:58:53Z"
 },
 {
   "Country": "Tokelau",
   "CountryCode": "TK",
   "Slug": "tokelau",
   "NewConfirmed": 0,
   "TotalConfirmed": 0,
   "NewDeaths": 0,
   "TotalDeaths": 0,
   "NewRecovered": 0,
   "TotalRecovered": 0,
   "Date": "2020-04-30T15:58:53Z"
 },
 {
   "Country": "Tonga",
   "CountryCode": "TO",
   "Slug": "tonga",
   "NewConfirmed": 0,
   "TotalConfirmed": 0,
   "NewDeaths": 0,
   "TotalDeaths": 0,
   "NewRecovered": 0,
   "TotalRecovered": 0,
   "Date": "2020-04-30T15:58:53Z"
 },
 {
   "Country": "Trinidad and Tobago",
   "CountryCode": "TT",
   "Slug": "trinidad-and-tobago",
   "NewConfirmed": 0,
   "TotalConfirmed": 116,
   "NewDeaths": 0,
   "TotalDeaths": 8,
   "NewRecovered": 12,
   "TotalRecovered": 71,
   "Date": "2020-04-30T15:58:53Z"
 },
 {
   "Country": "Tunisia",
   "CountryCode": "TN",
   "Slug": "tunisia",
   "NewConfirmed": 5,
   "TotalConfirmed": 980,
   "NewDeaths": 0,
   "TotalDeaths": 40,
   "NewRecovered": 15,
   "TotalRecovered": 294,
   "Date": "2020-04-30T15:58:53Z"
 },
 {
   "Country": "Turkey",
   "CountryCode": "TR",
   "Slug": "turkey",
   "NewConfirmed": 2936,
   "TotalConfirmed": 117589,
   "NewDeaths": 89,
   "TotalDeaths": 3081,
   "NewRecovered": 5231,
   "TotalRecovered": 44040,
   "Date": "2020-04-30T15:58:53Z"
 },
 {
   "Country": "Turkmenistan",
   "CountryCode": "TM",
   "Slug": "turkmenistan",
   "NewConfirmed": 0,
   "TotalConfirmed": 0,
   "NewDeaths": 0,
   "TotalDeaths": 0,
   "NewRecovered": 0,
   "TotalRecovered": 0,
   "Date": "2020-04-30T15:58:53Z"
 },
 {
   "Country": "Turks and Caicos Islands",
   "CountryCode": "TC",
   "Slug": "turks-and-caicos-islands",
   "NewConfirmed": 0,
   "TotalConfirmed": 0,
   "NewDeaths": 0,
   "TotalDeaths": 0,
   "NewRecovered": 0,
   "TotalRecovered": 0,
   "Date": "2020-04-30T15:58:53Z"
 },
 {
   "Country": "Tuvalu",
   "CountryCode": "TV",
   "Slug": "tuvalu",
   "NewConfirmed": 0,
   "TotalConfirmed": 0,
   "NewDeaths": 0,
   "TotalDeaths": 0,
   "NewRecovered": 0,
   "TotalRecovered": 0,
   "Date": "2020-04-30T15:58:53Z"
 },
 {
   "Country": "US Minor Outlying Islands",
   "CountryCode": "UM",
   "Slug": "us-minor-outlying-islands",
   "NewConfirmed": 0,
   "TotalConfirmed": 0,
   "NewDeaths": 0,
   "TotalDeaths": 0,
   "NewRecovered": 0,
   "TotalRecovered": 0,
   "Date": "2020-04-30T15:58:53Z"
 },
 {
   "Country": "Uganda",
   "CountryCode": "UG",
   "Slug": "uganda",
   "NewConfirmed": 2,
   "TotalConfirmed": 81,
   "NewDeaths": 0,
   "TotalDeaths": 0,
   "NewRecovered": 0,
   "TotalRecovered": 52,
   "Date": "2020-04-30T15:58:53Z"
 },
 {
   "Country": "Ukraine",
   "CountryCode": "UA",
   "Slug": "ukraine",
   "NewConfirmed": 456,
   "TotalConfirmed": 9866,
   "NewDeaths": 11,
   "TotalDeaths": 250,
   "NewRecovered": 111,
   "TotalRecovered": 1103,
   "Date": "2020-04-30T15:58:53Z"
 },
 {
   "Country": "United Arab Emirates",
   "CountryCode": "AE",
   "Slug": "united-arab-emirates",
   "NewConfirmed": 549,
   "TotalConfirmed": 11929,
   "NewDeaths": 9,
   "TotalDeaths": 98,
   "NewRecovered": 148,
   "TotalRecovered": 2329,
   "Date": "2020-04-30T15:58:53Z"
 },
 {
   "Country": "United Kingdom",
   "CountryCode": "GB",
   "Slug": "united-kingdom",
   "NewConfirmed": 4091,
   "TotalConfirmed": 166441,
   "NewDeaths": 4421,
   "TotalDeaths": 26166,
   "NewRecovered": 44,
   "TotalRecovered": 857,
   "Date": "2020-04-30T15:58:53Z"
 },
 {
   "Country": "United States of America",
   "CountryCode": "US",
   "Slug": "united-states",
   "NewConfirmed": 27133,
   "TotalConfirmed": 1038559,
   "NewDeaths": 2609,
   "TotalDeaths": 60925,
   "NewRecovered": 4784,
   "TotalRecovered": 120720,
   "Date": "2020-04-30T15:58:53Z"
 },
 {
   "Country": "Uruguay",
   "CountryCode": "UY",
   "Slug": "uruguay",
   "NewConfirmed": 5,
   "TotalConfirmed": 630,
   "NewDeaths": 0,
   "TotalDeaths": 15,
   "NewRecovered": 18,
   "TotalRecovered": 412,
   "Date": "2020-04-30T15:58:53Z"
 },
 {
   "Country": "Uzbekistan",
   "CountryCode": "UZ",
   "Slug": "uzbekistan",
   "NewConfirmed": 63,
   "TotalConfirmed": 2002,
   "NewDeaths": 1,
   "TotalDeaths": 9,
   "NewRecovered": 104,
   "TotalRecovered": 1096,
   "Date": "2020-04-30T15:58:53Z"
 },
 {
   "Country": "Vanuatu",
   "CountryCode": "VU",
   "Slug": "vanuatu",
   "NewConfirmed": 0,
   "TotalConfirmed": 0,
   "NewDeaths": 0,
   "TotalDeaths": 0,
   "NewRecovered": 0,
   "TotalRecovered": 0,
   "Date": "2020-04-30T15:58:53Z"
 },
 {
   "Country": "Venezuela (Bolivarian Republic)",
   "CountryCode": "VE",
   "Slug": "venezuela",
   "NewConfirmed": 2,
   "TotalConfirmed": 331,
   "NewDeaths": 0,
   "TotalDeaths": 10,
   "NewRecovered": 0,
   "TotalRecovered": 142,
   "Date": "2020-04-30T15:58:53Z"
 },
 {
   "Country": "Viet Nam",
   "CountryCode": "VN",
   "Slug": "vietnam",
   "NewConfirmed": 0,
   "TotalConfirmed": 270,
   "NewDeaths": 0,
   "TotalDeaths": 0,
   "NewRecovered": 0,
   "TotalRecovered": 222,
   "Date": "2020-04-30T15:58:53Z"
 },
 {
   "Country": "Virgin Islands, US",
   "CountryCode": "VI",
   "Slug": "virgin-islands",
   "NewConfirmed": 0,
   "TotalConfirmed": 0,
   "NewDeaths": 0,
   "TotalDeaths": 0,
   "NewRecovered": 0,
   "TotalRecovered": 0,
   "Date": "2020-04-30T15:58:53Z"
 },
 {
   "Country": "Wallis and Futuna Islands",
   "CountryCode": "WF",
   "Slug": "wallis-and-futuna-islands",
   "NewConfirmed": 0,
   "TotalConfirmed": 0,
   "NewDeaths": 0,
   "TotalDeaths": 0,
   "NewRecovered": 0,
   "TotalRecovered": 0,
   "Date": "2020-04-30T15:58:53Z"
 },
 {
   "Country": "Western Sahara",
   "CountryCode": "EH",
   "Slug": "western-sahara",
   "NewConfirmed": 0,
   "TotalConfirmed": 6,
   "NewDeaths": 0,
   "TotalDeaths": 0,
   "NewRecovered": 0,
   "TotalRecovered": 5,
   "Date": "2020-04-30T15:58:53Z"
 },
 {
   "Country": "Yemen",
   "CountryCode": "YE",
   "Slug": "yemen",
   "NewConfirmed": 5,
   "TotalConfirmed": 6,
   "NewDeaths": 0,
   "TotalDeaths": 0,
   "NewRecovered": 0,
   "TotalRecovered": 1,
   "Date": "2020-04-30T15:58:53Z"
 },
 {
   "Country": "Zambia",
   "CountryCode": "ZM",
   "Slug": "zambia",
   "NewConfirmed": 2,
   "TotalConfirmed": 97,
   "NewDeaths": 0,
   "TotalDeaths": 3,
   "NewRecovered": 12,
   "TotalRecovered": 54,
   "Date": "2020-04-30T15:58:53Z"
 },
 {
   "Country": "Zimbabwe",
   "CountryCode": "ZW",
   "Slug": "zimbabwe",
   "NewConfirmed": 0,
   "TotalConfirmed": 32,
   "NewDeaths": 0,
   "TotalDeaths": 4,
   "NewRecovered": 0,
   "TotalRecovered": 5,
   "Date": "2020-04-30T15:58:53Z"
 }
]